player_name,batting_average,strike_rate
RG Sharma (IND),32.05,140.89
Babar Azam (PAK),39.83,129.22
V Kohli (IND),48.69,137.04
PR Stirling (IRE),27.07,134.87
MJ Guptill (NZ),31.81,135.7
Mohammad Rizwan (PAK),47.41,125.37
JC Buttler (ENG),35.67,147.02
DA Warner (AUS),33.43,142.47
AJ Finch (AUS),34.28,142.53
GJ Maxwell (AUS),29.93,154.97
DA Miller (SA/World),33.21,140.66
Q de Kock (SA),31.51,138.32
KS Williamson (NZ),33.44,123.08
SA Yadav (IND),40.79,167.86
Shakib Al Hasan (BAN),23.19,121.18
Muhammad Waseem (UAE),39.29,155.53
Mohammad Hafeez (PAK),26.46,122.03
EJG Morgan (ENG),28.58,136.17
Mahmudullah (BAN),23.5,117.38
Virandeep Singh (MAS),36.98,126.01
Shoaib Malik (ICC/PAK),31.21,125.64
A Balbirnie (IRE),23.45,123.23
Sikandar Raza (ZIM),26.07,137.17
Syed Aziz (MAS),31.27,143.67
N Pooran (WI),26.14,136.39
RR Hendricks (SA),30.28,131.72
KL Rahul (IND),37.75,139.12
Mohammad Nabi (AFG),22.59,136.23
RD Berrington (SCOT),31.4,131.48
S Ssesazi (UGA),29,123.19
BB McCullum (NZ),35.66,136.21
HG Munsey (SCOT),31.01,144.2
AD Hales (ENG),30.95,138.35
MDKJ Perera (SL),28.16,134.11
Nizakat Khan (HKG),22.81,123
Mohammad Shahzad (AFG),29.25,132.12
MP O'Dowd (NED),29.05,120.56
Litton Das (BAN),22.44,124.76
KJ O'Brien (IRE),21.21,130.92
JP Duminy (SA),38.68,126.24
GD Phillips (NZ),31.11,140.59
BKG Mendis (SL),25.6,131.68
Babar Hayat (HKG),29.38,132.27
LRPL Taylor (NZ),26.15,122.37
R Sandaruwan (KUW),28.04,146.8
CH Gayle (WI),27.92,137.5
DJ Malan (ENG),36.38,132.49
TM Dilshan (SL),28.19,120.54
Fakhar Zaman (PAK),22.81,132.94
Najibullah Zadran (AFG),29.51,137.8
Muhammad Tanveer (QAT),43.43,136.47
S Dhawan (IND),27.92,126.36
Tamim Iqbal (BAN/ICC/World),24.08,116.96
R Powell (WI),25.69,140.32
CO Obuya (KENYA),30.03,119.31
P Nissanka (SL),29.89,120.41
DS Airee (NEP),34.5,143.39
C Munro (NZ),31.34,156.44
HH Pandya (IND),27.86,141.9
SC Williams (ZIM),23.48,126.38
Umar Akmal (PAK),26,122.73
Rahmanullah Gurbaz (AFG),25.5,134.42
AB de Villiers (SA),26.12,135.16
JM Bairstow (ENG),29.83,137.53
H Masakadza (ZIM),25.96,117.2
E Lewis (WI),29.33,151.98
TP Ura (PNG),32.03,152.99
MR Marsh (AUS),31.94,135.41
RR Patel (KENYA),30.07,140.6
MS Chapman (HKG/NZ),27.4,131.89
MS Dhoni (IND),37.6,126.13
MN Samuels (WI),29.29,116.23
SK Raina (IND),29.18,134.87
Ahmed Faiz (MAS),25.23,123.63
Meet Bhavsar (KUW),28.35,129.52
KA Pollard (WI),25.3,135.14
MG Erasmus (NAM),32.43,124.16
F du Plessis (SA/World),35.53,134.38
LMP Simmons (WI),26.78,120.8
JJ Roy (ENG),24.15,137.61
Mushfiqur Rahim (BAN),19.48,115.03
BA King (WI),26.76,134.07
KJ Coetzer (SCOT),22.65,119.21
DPMD Jayawardene (SL),31.76,133.18
Riazat Ali Shah (UGA),32.26,120.45
Ahmed Shehzad (PAK),25.8,114.74
Soumya Sarkar (BAN),17.82,122.13
SR Watson (AUS),29.24,145.32
MD Shanaka (SL),19.67,122.45
CR Ervine (ZIM),21.95,105.76
II Selemani (TAN),24.58,148.07
K Kadowaki-Fleming (JPN),45.8,152.52
AD Mathews (SL),27.76,120.51
Shahid Afridi (ICC/PAK),17.92,150
DJ Mitchell (NZ),26.62,139.28
DP Conway (NZ),38.05,127.76
Haider Butt (BHR),31.28,121.27
Faisal Khan (KSA),31.86,172.02
Asghar Afghan (AFG),21.93,110.82
KC Sangakkara (SL),31.4,119.55
HT Tector (IRE),22.2,118.7
Zeeshan Maqsood (OMA),26.32,119.14
AK Markram (SA),30.37,143.89
J Charles (WI),23.03,131.43
Sami Sohail (MWI),56.12,123.35
Aqib Ilyas (OMA),27.7,121.79
RP Burl (ZIM),24.57,119.01
O Tuyisenge (RWN),17.18,104.09
K Motlhanka (BOT),28.63,108.48
LJ Tucker (IRE),21.24,123.31
RK Paudel (NEP),28.47,122.08
K Bhurtel (NEP),28.21,128.64
IA Karim (KENYA),34.89,100.31
TL Seifert (NZ),25.31,134.75
JW Jenner (JER),31.41,138.19
HM Amla (SA/World),33.6,132.05
A Vala (PNG),24.98,116.55
GC Wilson (IRE),21.13,104.62
Jatinder Singh (OMA),23.38,116.08
HE van der Dussen (SA),33.97,129.45
AR Patwa (TAN),26.72,121.47
DJ Bravo (WI),22.01,115.03
Abdul Waheed (KSA),32.92,126.1
MH Cross (SCOT),23.14,115.84
KIC Asalanka (SL),24.45,128.55
Aasif Sheikh (NEP),23.94,115.49
MP Stoinis (AUS),31.92,148.56
BN Cooper (NED),28.15,124.77
CS MacLeod (SCOT),23.8,111.03
MM Ali (ENG),21.18,142.41
RR Pant (IND),23.25,127.26
VP Thamotharam (MLT),26.86,146.54
NLTC Perera (ICC/SL/World),23.15,151.63
MS Wade (AUS),26.13,134.15
TH David (AUS/SGP),33.36,161.2
R Satheesan (ROM),38.61,155.45
W Madhevere (ZIM),19.57,116.14
RG Mukasa (UGA),23.25,120.77
Zubaidi Zulkifle (MAS),21.12,144.44
Yuvraj Singh (IND),28.02,136.38
KP Pietersen (ENG),37.93,141.51
GH Dockrell (IRE),20.17,130.43
Hazratullah Zazai (AFG),27.61,132.72
S Davizi (CZK-R),41.03,138.93
FH Allen (NZ),24.27,158.69
D Ndikubwimana (RWN),16.49,80.02
Afif Hossain (BAN),20.3,119.08
PD Salt (ENG),36.86,165.32
Ibrahim Zadran (AFG),29.07,107.28
SS Iyer (IND),30.66,136.12
Anshuman Rath (HKG),24.4,110.35
O Manishimwe (RWN),18.89,94.89
SPD Smith (AUS),24.86,125.45
TM Head (AUS),33.12,160.49
Taranjeet Singh (ROM),36.23,167.48
WTS Porterfield (IRE),20.35,111.12
GJ Delany (IRE),20.69,134.16
Usman Patel (KUW),27.43,130.96
L Bruce (GIBR),28.83,113.02
SI Runsewe (NGA),22.61,113.93
AD Russell (WI),22.14,164.04
LD Chandimal (SL),19.66,103.6
S Chandramohan (SGP),25.75,121.1
BA Pai (GIBR),35.13,115.19
RN Patel (KENYA),23.95,120.59
V Aravind (UAE),27.68,112.39
Sarfaraz Ali (BHR),21.42,145.42
N Nipiko (VAN),31.24,118.77
CJA Amini (PNG),24.47,115.37
E Dusingizimana (RWN),18.03,106.41
I Liyanage (QAT),28.52,119.97
HAM Shah (DEN),34.2,121.42
DM Nakrani (UGA),25.6,125.49
SA Edwards (NED),21.72,125.89
Samiullah Shinwari (AFG),22.02,118.06
Rohan Mustafa (UAE),20.95,121.64
F Damiao Couana (MOZ),31.4,125.62
Asif Khan (UAE),29.52,133.33
H Klaasen (SA),23.25,141.84
Iftikhar Ahmed (PAK),24.34,129.1
AP Rajeevan (TAN),26.97,114.05
Razmal Shigiwal (Aut),33,136.55
Kamran Akmal (PAK),21,119.63
A Sharafu (UAE),30.81,133.6
ADS Fletcher (WI),19.68,110.31
CL White (AUS),32.8,132.97
GC Smith (SA),31.67,127.53
NS Dhaliwal (CAN),31.51,126.39
Sabbir Rahman (BAN),23.26,119.29
Shaiman Anwar (UAE),33.48,126.1
Aizaz Khan (HKG),16.55,110.72
Najmul Hossain Shanto (BAN),22.85,108.35
S Bau (PNG),23.36,109.36
Gulbadin Naib (AFG),20.54,121.93
JDS Neesham (NZ),22.47,154.5
SO Hetmyer (WI),20.04,118.49
JJ Smit (NAM),33.53,143.14
Zeeshan Khan (MLT),22.85,120.59
BRM Taylor (ZIM),23.94,118.22
G Gambhir (IND),27.41,119.02
Kushal Malla (NEP),27.78,147.66
SJ Myburgh (NED),21.78,114.51
Sohail Ahmed (BHR),39.3,118.63
S Muniandy (MAS),17.32,116.25
C Campher (IRE),20.88,126.12
E Chigumbura (ZIM),19,140.62
JE Root (ENG),35.72,126.3
Muhammad Usman (UAE),24.08,114.52
Luqman Butt (CAM),38.43,144.68
G Malla (NEP),23.23,120.29
N Davin (NAM),27.53,138.95
LS Livingstone (ENG),26.69,151.11
Manpreet Singh (SGP),25.08,127.8
TC Barker (LUX),22.41,120.71
Imran Anwar (BHR),18.2,128.71
Saber Zakhil (Belg),28.16,161.96
NA Greenwood (JER),30.89,144.4
A Johnson (CAN),37.47,151.76
DM de Silva (SL),21.17,115.86
SD Hope (WI),26.46,138.39
KH Prajapati (OMA),20.56,108.07
KS Leverock (BER),33.68,148.76
Kamran Khan (QAT),25.48,136.08
HL Carlyon (JER),22.67,121.77
MWR Stokes (GUE),34.5,118.45
B Arora (MLT),19.66,90.66
H Lakov (BUL),31.73,105.22
R Nehonde (BOT),22.91,96.94
K Nassoro (TAN),18.72,97.51
Sarfaraz Ahmed (PAK),27.26,125.26
Chirag Suri (UAE),29.17,115.39
J Butler (GUE),28.13,109.23
SR Taylor (USA),34,135.32
Mohammad Naim (BAN),23.97,103.42
Shaheryar Butt (Belg),29.1,139.31
Faheem Nazir (SUI),54.2,151.39
W Barresi (NED),21.94,115.01
SV Samson (IND),27.93,155.17
RB Patel (UGA),25.96,103.33
CG Williams (NAM),27.75,112.9
V Saini (ROM),30.92,128.84
P Khadka (NEP),27.55,128.04
AA Obanda (KENYA),18.53,118.95
Ishan Kishan (IND),25.67,124.37
IA De Silva (BUL),24.84,115.21
V Vijh (LUX),21.91,105.2
Misbah-ul-Haq (PAK),37.52,110.2
Usman Ghani (AFG),25.35,107.23
G Mckeon (Fran),41.31,147
Azyan Farhath (MDV),28,84.66
Umar Adam (MDV),17.79,132.93
Basil Hameed (UAE),22.34,126.33
JP Kotze (NAM),21.66,118.72
T Manders (BER),35.4,127.49
V Balakrishnan (BOT),22.82,108.68
DMW Rawlins (BER),35.27,150.67
L Siaka (PNG),15.46,113.5
L Yamamoto-Lake (JPN),23.39,137.61
LA Dunbar (SRB),35.04,129.14
MNM Aslam (KUW),20.26,111.59
RR Rossouw (SA),34.86,159.79
KR Mayers (WI),21.77,138.29
LJ Wright (ENG),18.97,137
DJ Hussey (AUS),22.9,121.34
Yasir Ali (ESP),26.96,100.26
S Wickramasekara (CZK-R),27.7,149.89
MD Gunathilaka (SL),16.46,120.48
S Ravichandran (JPN),25.55,134.48
Ahmer Bin (BHR),24.6,120.19
AR Ramjani (UGA),25.37,131.19
K Waiswa (UGA),16,106.97
I Danladi (NGA),23.67,126.11
PBB Rajapaksa (SL),22.9,132.78
MA Leask (SCOT),15.44,130.34
C Rubagumya (RWN),13.69,85.21
MJ Santner (NZ),16.86,120.23
MR Adair (IRE),14.48,125.47
Basil George (MLT),22.62,124.18
YBK Jaiswal (IND),36.15,164.31
BFW de Leede (NED),25.78,102.12
JN Frylinck (NAM),21.2,107.45
MEK Hussey (AUS),37.94,136.29
Muhammad Muneeb (Belg),23.9,118.12
SJ Baard (NAM),28.56,112.97
T Marumani (ZIM),17.82,129.63
PW Hasaranga (SL),13.43,128.98
RS Bopara (ENG),28.44,118.69
NR Kumar (CAN/USA),25.39,125.39
J Mees (LUX),22.15,118.16
MK Pandey (IND),44.31,126.15
W Niyitanga (RWN),12.87,82.51
HC Brook (ENG),30.73,146.07
PR Surve (INA),35.35,109.44
R Bakum (GHA),19.08,115.92
JP Inglis (AUS),30.69,156.88
KD Shah (HKG),19.08,106.96
CK Kapugedera (SL),22.67,118.95
D Kansonkho (MWI),18.42,93.33
A Mansale (VAN),24.1,119.28
CJ Anderson (NZ/USA),24.89,126.03
Naseem Khushi (OMA),19.33,157.46
N Vanua (PNG),18.81,136.47
Zeeshan Ali (HKG),28.95,139.55
S Adedeji (NGA),20.35,86.39
AGS Gous (USA),32.95,145.68
Karim Janat (AFG),17.71,115.93
KD Karthik (ICC/IND),26.38,142.61
Towhid Hridoy (BAN),28.5,129.05
O Harvey (GHA),20.69,98.27
Saqlain Arshad (QAT),23.55,128.86
RW Chakabva (ZIM),14.51,122.44
Shadab Khan (PAK),17.86,139.71
J Rasu (VAN),19.85,110.29
TS Bharaj (DEN),23.24,118.66
T Bavuma (SA),21.61,118.16
T Stubbs (SA),29.13,134.8
KC D'Souza (BUL),27.87,154.86
CJ Chibhabha (ZIM),19.05,109.52
JH Kallis (SA),35.05,119.35
AP Yadav (THA),30.27,115.62
BJ Bennett (ZIM),26.4,142.24
TLW Cooper (NED),23.53,129.46
SKS Gill (LUX),24.33,101.07
KJ Stagno (GIBR),28.52,177.29
A Ashokan (CZK-R),27.29,112.93
Ravinderpal Singh (CAN),27.29,145.23
DJM Short (AUS),30.57,118.88
D Doyle-Calle (ESP),26.66,131.68
PW Borren (NED),19.33,121.75
D Ramdin (WI),18.7,115.42
RD Gaikwad (IND),39.56,143.53
Mohammad Nadeem (OMA),20.32,111.7
ST Jayasuriya (SL),23.29,129.15
SSM Stanislaus (MLT),20.22,103.29
Khawar Ali (OMA),19.56,98.58
D Wiese (NAM/SA),24,127.86
Aaron Jones (USA),23,110.69
MR Swart (NED),27,115.64
H Singh (GER),23.8,127.1
IO Okpe (NGA),14.34,106.56
NT Tilak Varma (IND),51.33,161.25
Yasim Murtaza (HKG),17.05,119.22
MN Waller (ZIM),26.65,138.37
CV Anto (KUW),21.85,148.54
J Bulele (MOZ),24.48,93.57
Ayaan Khan (OMA),18.96,108
R Obuya (UGA),22.48,122.87
NG Collins (FIN),26.26,98.69
Mohammed Rizlan (QAT),20.62,113.25
Noor Ali Zadran (AFG),27.13,101.87
Adil Butt (SWZ),31.36,143.26
Salman Butt (PAK),28.33,107.98
PM Seelaar (NED),17.38,111.09
Janak Prakash (SGP),20.27,125.91
DJG Sammy (WI/World),17.26,147.48
BA Stokes (ENG),21.66,128
PD Collingwood (ENG/World),18.8,127.01
DR Smith (WI),18.18,122.78
P Baron (Arg),25.26,115.96
Bilal Tahir (KUW),18.64,135.68
P Mishra (BUL),13.76,120.16
Saim Hussain (BUL),38.53,146.7
Shubman Gill (IND),30.42,139.27
SB Styris (NZ),21.4,119.66
Asif Ali (PAK),15.18,133.87
V Ganesan (GER),18.61,105.67
VB Chikkannaiah (GER),23,100.7
SA Ahmad (DEN),22.96,105.7
B Ward (JER),24.91,131.12
JA Morkel (SA),21.18,142.28
Dylan Steyn (CZK-R),27.04,132.4
Selim Salau (NGA),29.73,109.7
NR Kirton (CAN),28.2,119.74
Mohammad Ihsan (ESP),35.12,157.86
TW Nightingale (GUE),21.61,126.86
AM Tribe (JER),26.66,125
Aritra Dutta (SGP),22.36,137
SKA Awiah (GHA),18.63,93.01
MO Kitunda (TAN),13.3,93.79
MD Patel (USA),19.82,124.43
IK Gamantika (INA),17.87,95.35
Imad Wasim (PAK),15.82,130.04
Manan Ali (KSA),21.3,137.12
Adnan Idrees (KUW),15.8,134.87
M Levitt (NED),34.5,143.75
MJ Lumb (ENG),21.23,133.65
SO Ngoche (KENYA),13.46,110.62
FA Cossa (MOZ),26.19,119.56
GA Priandana (INA),17.74,102.23
Hamza Dar (ESP),28.78,134.06
S Singh (KENYA),20.18,107.28
Mohamed Rishwan (MDV),16.48,91.89
HS Gericke (MLT),27.05,163.93
Karim Sadiq (AFG),14.94,109.12
NM Odhiambo (KENYA),15.82,104.66
R Shepherd (WI),26.85,139.11
ND Laegsgaard (DEN),23.17,148.05
RN ten Doeschate (NED),41,132.91
Iqbal Hossain (Aut),25.33,162.19
AV Lazarus (THA),29.55,120.36
Talha Khan (GER),23.13,103.5
G Kansonkho (MWI),17.09,84.93
Imran Ali Butt (BHR),22.04,99.06
Muhammad Amir (MAS),14.29,104.96
M Taylor (Bhm),22.95,105.6
C Kieswetter (ENG),21.91,111.91
Raza Iqbal (NOR),18.71,117.75
SR Bhudia (KENYA),18.67,118.05
Zeeshan Kukikhel (HUN),34.8,165.18
M Akayezu (RWN),8.12,102.36
J Barker (LUX),23.59,97.92
F Behardien (SA),32.37,128.21
M van Lingen (NAM),19.18,115.88
M Coetzee (HKG),19.88,133.59
TWM Latham (NZ),25.8,108.86
CN Ackermann (NED),24.52,114.69
RA Jadeja (IND),21.45,127.16
MJ Richardson (GER),30.05,103.86
V Sibanda (ZIM),20.44,101.59
A Ferguson (Arg),34,92.89
LM Jongwe (ZIM),15.42,121.47
RK Singh (IND),46.09,165.14
C Chatphaisan (THA),15.78,103.69
C de Grandhomme (NZ),15.78,138.35
Haider Ali (PAK),17.41,124.69
Nawroz Mangal (AFG),18.03,111.47
PV Vuniwaqa (Fiji),33.66,154.43
Umer Toor (BHR),15.65,115.43
Imran Nazir (PAK),21.73,135.13
T Jamtsho (BHU),20.83,116
IDM Latin (GIBR),23.71,123.88
AR Patel (IND),19.92,142.28
Saim Ayub (PAK),21.65,137.95
B McMullen (SCOT),38.23,148.8
S Periyalwar (ROM),26.15,108.51
T Perera (BOT),23.61,101.22
JK Vifah (GHA),17.71,110.71
TP Visee (NED),16,146.31
YSD Seneveratne (CAY),33,121.62
Aarif Sheikh (NEP),19,108.81
ZE Green (NAM),14.96,103.13
Shafiqullah (AFG),16.46,145.29
M Simpson-Parker (Aut),17.64,101.22
A Dizija (SRB),20.54,108.59
RE van der Merwe (NED/SA),22.4,128.38
DK Kesuma (INA),20.5,116.31
JO Holder (WI),16.36,129.21
MJ Clarke (AUS),21.21,103.17
AE Paraam (SGP),48.5,142.22
G Burrows (IOM),32.26,112.03
Ahmad Ramdoni (INA),19.32,82.56
IDA Damarell (GUE),21.95,113.64
Aamir Kaleem (OMA),17.17,112.91
DC Smith (PHI),17.81,105.25
N Dickwella (SL),18.46,131.14
D Myers (ZIM),21.77,125.72
SW Billings (ENG/ICC),17.07,129.89
K Irakoze (RWN),10.17,106.22
Bilal Zalmai (Aut),47.7,176.01
Gulsan Jha (NEP),22.71,139.88
Mohammad Nawaz (3) (PAK),18.34,134.36
R Pathan (CAN),39.75,157.42
S Thakor (TAN),13.62,143.24
Anjar Tadarus (INA),13.57,87.15
L Lamin (SLE),20.65,94.62
Azmatullah Omarzai (AFG),14.36,111
JDP Oram (NZ),20.6,139.82
GJ Bailey (AUS/World),24.89,136.7
E Sebareme (RWN),11.7,94.92
Azhar Andani (PORT),33.35,118.22
Rashid Khan (AFG/ICC),13.73,126.21
NJ O'Brien (IRE),17.92,98.1
N Mugabe (KENYA),24.42,110.21
Najjam Shahzad (PORT),25.77,137.27
JEC Franklin (NZ),20.13,118.41
JM Vince (ENG),27.23,128.25
PK Matautaava (VAN),17.76,127.27
M Campopiano (ITA),38.41,123.92
Lakshit Gupta (CAM),18.32,95.41
JD Ryder (NZ),22.85,127.65
Karan KC (NEP),15.62,154.6
B Niaz (Belg),23.78,122.82
Saud Islam (UGA),26.58,106.1
H Thaker (CAN),20.5,121.56
JJ Huo (MOZ),16.07,101.12
Mohammad Ashraful (BAN),19.56,126.4
Rameez Shahzad (UAE),24.94,111.13
JJ Atkinson (HKG),19.47,114.57
S Dube (IND),29.86,134.93
Anamul Haque (BAN),24.72,112.65
Nurul Hasan (BAN),16.48,118.35
SA Jumbe (TAN),14.32,107.24
Mirza Ahsan (Aut),21.09,163.46
E Niyomugabo (RWN),10.52,99.54
Younis Khan (PAK),22.1,121.42
Hisham Shaikh (KSA),23.15,95.86
CJ Jordan (ENG),13.71,129.11
B Masaba (UGA),16.88,102.33
OJ Hairs (SCOT),18.25,170.42
C Madande (ZIM),19.86,116.53
I Takahashi (JPN),15.57,122.12
Waji Ul Hassan (KSA),27.12,128.02
SA Okpe (NGA),13.96,100.23
MA Baig (MWI),20.38,94.06
Faisal Mubashir (GER),32.92,101.66
Jaspal Singh (MLT),21.4,111.45
SE Rutherford (WI),25.17,143.14
J Bangura (SLE),13.74,72.82
Junaid Aziz (BHR),20.19,111.28
S Nadigotla (ROM),15.62,113.44
T Tshose (BOT),16.8,129.23
Ali Masood (EST),19.04,99.28
PL Mommsen (SCOT),34.91,127.35
Usman Khan (Fran),26.18,119.03
VS Padhaal (FIN),15.48,100.48
S Ivetic (SRB),41.7,98.58
AC Douglas (BER),23.11,141.97
Kuldeep (PORT),32,161.86
JN Loftie-Eaton (NAM),18,130.59
JP Kaltapau (VAN),20.6,99.03
RL Chase (WI),22.77,115.16
Aziz Mohammad (Belg),22.66,140.68
MW Machan (SCOT),40.7,127.98
WU Tharanga (SL),16.28,123.33
TS Fray (BER),17.65,91.64
Maaz Khan (LES),19.33,145.51
Sharjeel Khan (PAK),22.55,133.11
B Bhandari (NEP),16.87,114.73
DM Bravo (WI),21.31,106.86
EC Joyce (ENG/IRE),33.75,93.96
R Chopra (UAE),40.4,123.92
BJ Haddin (AUS),17.47,114.52
RT Ponting (AUS),28.64,132.78
HH Gibbs (SA),18.18,125.78
Aqib Iqbal (Aut),19.8,113.14
GE Ngegba (SLE),18,97.29
MTMMJ Ave (COK),56.42,118.61
A McAuley (IOM),18.8,91.22
Mohammad Ahnaff (QAT),26.33,113.18
Shan Masood (PAK),30.38,121.91
R Tari (VAN),15.19,106.75
Hussain Talat (PAK),24.62,118.31
DK Mathias (BHR),32.83,107.94
V Sehwag (IND),21.88,145.38
Tenjin Rabgey (BHU),15.15,80.24
Abdul Razzaq (PAK),20.68,116.61
Habib Khan (EST),26.13,120.98
Omar Rassol (BUL),20.63,125.23
Shiraz Khan (KUW),19.6,98.74
RM Dorji (BHU),15.64,94.9
R Rohan (SGP),13.96,97.99
Saad Bin Zafar (CAN),26,122.25
Mosaddek Hossain (BAN),18.52,114.07
Rizwan Cheema (CAN),17.68,123.88
S Jora (NEP),19.4,118.29
Sheraz Sheikh (Belg),18.33,105.76
A Shreshta (NGA),20.26,97.96
M Shumba (ZIM),20.26,108.14
WG Jacks (ENG),18.23,136.78
AA Onikoyi (NGA),15.95,88.45
Sahil Chauhan (EST),54.57,206.48
PHKD Mendis (SL),19.05,122.5
T Sandeep (SWZ),23.81,105.54
WAE Burton (SRB),16.52,139.7
Tamoor Sajjad (QAT),34.54,135.71
R Mutumbami (ZIM),17.22,117.33
NMS Param (SGP),27,117.02
RA Sealy (CAY),21,140
L Canessane (Fran),17.95,121.22
Mashrafe Mortaza (BAN),13.46,136.1
US Hathinjar (CAM),13.92,109.3
AK Mohan (FIN),15,88.65
AM Rahane (IND),20.83,113.29
Jaker Ali (BAN),28.76,122.22
RR Sharan (CAM),18.7,90.99
Aman Desai (SGP),14.8,120.52
Nasir Hossain (BAN),18.5,113.49
A Turay (SLE),17.61,102.49
S Pradhan (BHU),14.19,88.7
DJ Hooda (IND),30.66,147.2
Sahir Naqash (GER),23,132.85
BBJL Perera (ITA),28.23,111.89
PS Athavale (OMA),22.75,126.38
Awais Ahmed (ESP),21.41,117.41
PJ Moor (ZIM),24.26,127.27
WIA Fernando (SL),11,94.04
Nasir Jamshed (PAK),21.35,113.43
DA Blignaut (GER),18.1,92.11
Mahedi Hasan (BAN),12.92,101.68
Hamza Khan (RWN),17.23,99.17
D Suzuki (JPN),18.1,110.03
Shoaib Khan (OMA),18.05,105.86
G Stewart (ITA),27.69,162.89
K Doriga (PNG),12.82,97.02
L Ronchi (AUS/ICC/NZ),17.95,140.23
D Heyliger (CAN),29.83,168.07
Shahil Momin (Aut),21.05,99.72
Bilal Masud (EST),44.5,130.88
SM Curran (ENG),14.24,124.47
BN Toube (CAM),17.8,98.07
Haroon Arshad (HKG),20.88,129.09
MC Henriques (AUS),20.88,124.56
Mehidy Hasan Miraz (BAN),17.7,116.06
Surya Anand (DEN),25.28,106.3
E Beukes (CAM),20.58,129.15
Amjad Sher (FIN),11.96,133.46
V Mbazo (BOT),10.51,88.29
AJ Mosca (ITA),38.55,118.43
OA Shah (ENG),24.78,122.18
Sher Sahak (NOR),21.62,145.37
Tanzid Hasan (BAN),21.56,114.23
SO Tikolo (KENYA),28.75,122.77
D Ajekun (NGA),12.74,74.94
Khushdil Shah (PAK),19.11,109.2
Mehran Khan (OMA),10.42,106.5
WA Young (NZ),18.1,101.77
S Chanderpaul (WI),20.17,98.84
H Hiri (PNG),19.05,111
BR McDermott (AUS),18,99.7
S Kaveri (Mex),18.94,75.11
Arjun Vinod (SUI),21.31,111.43
Walid Ghauri (NOR),28.41,107.57
Ahmed Hassan (MDV),17.78,91.35
DG Blampied (JER),18.77,100
H Gori (CZK-R),30.63,132.15
HA Jackson (Fran),16.04,91.32
A Symonds (AUS),48.14,169.34
Ehsan Khan (HKG),13.44,102.12
Vikramjit Singh (NED),15.27,117.07
C Tommy (VAN),15.9,95.97
Usman Khalid (KSA),19.64,112.08
LN Oluoch (KENYA),14.47,118.5
Amir Zaib (PORT),19.52,131.22
KC Ramamoorthy (INA),15.8,106.41
Amoluk Singh (GHA),27.66,118.57
SR Mukkamalla (USA),36.77,137.91
Faisal Javed (QAT),22,155.66
Sompal Kami (NEP),10.61,111.9
SR Thompson (IRE),14.9,129.13
KD Abeyrathna (NOR),21.8,92.37
T Banton (ENG),23.35,147.96
RJ Nicol (NZ),17.21,110.47
BDH Stevens (JER),17.21,97.61
OE Olaleye (NGA),18.05,101.56
S Thanikaithasan (DEN),16.25,115.24
S Vesawkar (NEP),23.21,99.08
Z Bimenyimana (RWN),8.3,128.57
Hamza Tariq (CAN),29.45,161.19
D Muhumuza (UGA),23.14,105.53
Shahid Wasif (HKG),20.25,105.53
OGL Bascome (BER),14.68,111.76
LE Bosman (SA),24.84,147.48
R Lutaaya (UGA),17.94,126.66
Rafiullah (OMA),14.68,173.65
CP Rizwan (UAE),24.84,109.49
Ali Naseer (UAE),16.05,126.87
C Munoz-Mills (ESP),26.66,132.23
C Brennan (JER),21.26,128.11
Muhamad Syahadat (MAS),24.46,109.65
Shamim Hossain (BAN),22.71,125.69
Bakhtiar Tahiri (BUL),31.7,116.97
Zaheer Ibrahim (QAT),18.64,113.21
BM Duckett (ENG),31.5,145.16
J Singye (BHU),16.57,72.91
Abhijeet Ahuja (HUN),18.47,95.73
NJ Ferraby (JER),18.47,110.56
AM Kimote (TAN),14.95,108.27
Mohamed Azzam (MDV),9.23,75.48
Osama Mahmood (SUI),26.16,114.59
PA Raikes (GIBR),24.15,106.44
Pargat Singh (CAN),18.35,103.65
CF Tlali (LES),14.85,89.39
Faheem Ashraf (PAK),12.44,129.04
Khizer Ahmed (NOR),23.92,114.33
Muhammad Kashif (KUW),22.21,105.78
CR Brathwaite (WI),14.76,113.13
S Samarawickrama (SL),19.37,109.92
JA Fitzgerald (GIBR),19.31,131.48
A Kheterpal (HUN),28.09,119.76
R Ravindra (NZ),17.16,127.68
Aqeel Wahid (MAS),38.5,133.33
ML Hayden (AUS),51.33,143.92
LB Ferbrache (GUE),16.15,90.56
GP Meade (ITA),17.05,102.33
Waqas Barkat (HKG),13.95,92.19
A Natubhai Ahir (PAN),12.7,90.77
J Coetzee (THA),25.33,115.58
TS Kamunhukamwe (ZIM),20.26,105.55
DJ Hawoe (INA),9.46,123.67
AS Samra (PHI),23.3,119.76
TG Southee (NZ),11.22,138.99
Fiaz Ahmed (BHR),18.87,108.24
S Veerapathiran (BHR),13.13,123.77
XM Marshall (USA/WI),17.64,103.44
A Sharma (UAE),27.27,107.14
Zahir Mohammed (HUN),17.64,150.75
NL McCullum (NZ),11.5,100.67
R Panchal (ESP),27.18,90.33
W Miyauchi (JPN),18.62,101.36
A Shirai-Patmore (JPN),15.68,92.54
RR Sarwan (WI),22.92,104.19
A Limdawala (MWI),18.56,85.83
Arslan Amjad (EST),17.41,105.33
M Podosky (PHI),14.8,109.62
Simi Singh (IRE),10.2,108.42
Khalid Kail (OMA),21,110.52
H Patel (CAN),21,103.15
Hassan Rasheed (MDV),11.72,82.53
MW Short (AUS),22.53,163.68
C Karunaratne (SL),16.16,106.2
CA Lynn (AUS),19.4,131.67
HDRL Thirimanne (SL),16.16,108.98
Yusuf Ebrahim (PAN),14.55,91.5
I Kaia (ZIM),15.26,104.69
Aaftab Alam Khan (MLT),15.21,122.97
AN Kervezee (NED),32.11,110.3
F Banunaek (INA),13.71,81.81
J Broad (GER),41.14,119.5
Ameer Saiyed (BOT),19.13,100.7
P Silas (BOT),13.66,103.61
A Venkatesh (SWE),20.5,105.51
M Chadha (CAM),35.75,113.49
Irfan Hafejee (PAN),17.87,74.67
SKDT Madusanka (SEY),23.83,88.81
A Bagai (CAN),40.57,114.05
B Fitchet (GUE),20.28,140.59
P Kurup (BHR),18.93,108.81
BJ McCarthy (IRE),12.9,116.87
J Mosca (ITA),21.84,147.91
NN Odhiambo (KENYA),10.92,104.41
S Gooch (EST),40.28,117.5
N Knights (IOM),16.58,143.14
Abdul-Shakoor Rahimzei (GER),15.61,104.85
Abhishek Ahuja (HUN),17.56,105.24
CPPM Sadun (CYP),21.61,99.64
ARA Chambers (PORT),17.56,92.43
Mohammad Shahzad (UAE),15.61,117.57
SA Engelbrecht (NED),31.11,132.7
Aminuddin Ramly (MAS),16.47,148.14
Sayed Monib (KUW),14.73,175
AC Agar (AUS),11.62,100.35
TC Bruce (NZ),18.6,122.36
Fanyan Mughal (MLT),13.28,108.56
Scott Austin (CYP),16.29,100.36
SC Getkate (IRE),11.95,111.78
S Hook (EST),17.18,96.83
R Mazumder (CYP),18.33,117.02
SS McKechnie (HKG),17.18,98.21
Ali Raza (Belg),17.18,141.75
TAM Siriwardana (SL),17.18,132.21
SJ Cotter (Samoa),18.26,103.39
Mazharul Islam (SEY),19.57,98.91
HB Dickson (COK),34.12,148.36
Sohaib Maqsood (PAK),13.65,116.66
FA Allen (WI),15.11,136.68
R Baaleri (GHA),19.42,78.16
AC Gilchrist (AUS),22.66,141.66
Amjad Javed (UAE),18.06,111.98
JTS Sumerauer (JER),12.31,127.23
J van Heerden (GER),45.16,120.44
CN Greaves (SCOT),19.28,106.29
M Spoors (CAN),38.42,119.55
GR Adair (IRE),26.8,148.88
MV Boucher (SA),17.86,97.45
A Randhawa (Aut),16.75,83.75
BS Stephenson (Blz),20.61,121.26
JS Malhotra (USA),19.07,118.14
OB Nightingale (GUE),24.27,113.13
P Useni (NGA),14.83,132.83
Akhil Anil (TAN),13.94,119.36
S Ghimire (PORT),37.85,121.55
D Visser (Samoa),53,194.85
P Sharma (KENYA),18.85,117.33
C Green (AUS),26.3,152.9
RD Rickelton (SA),20.23,134.87
Muhammad Younis (BHR),20.15,129.06
T Parima (COK),23.81,143.95
Devender Singh (GHA),23.72,118.09
D Pretorius (SA),21.75,164.15
SA Wijeyeratne (CAN),21.75,121.96
Zain Ul Abidin (KSA),16.31,121.96
ZM Tribe (JER),17.4,105.24
Khizar Hayat (MAS),16.25,101.56
S Vijay Unni (MAS),17.33,88.13
MG Bracewell (NZ),18.5,129.5
S Movva (CAN),23.54,106.14
T Taibu (ZIM),28.77,100.77
Adnan Ilyas (OMA),23.45,118.34
A Gbla (SLE),11.72,94.5
C Hartmann (IOM),16.12,107.94
Najeeb Tarakai (AFG),21.5,122.85
Khurram Nawaz (OMA),19.76,119.53
Mohamed Arief (MAS),19.76,124.75
Abhishek Sharma (IND),23.27,171.81
DM Gondaria (KENYA),25.6,126.73
Mahmud Jasat (PAN),13.47,71.5
I Udana (SL),18.28,137.63
KH Abe (JPN),15.93,128.14
Atif Rasheed (FIN),18.21,129.44
Imran Ameer (MLT),21.25,105.37
SE Marsh (AUS),18.21,102.82
Kashif Siddique (KSA),23.09,138.04
Ahmed Hassan (SUI),42.16,139.01
SF Mire (ZIM),31.62,129.08
Ritik Tomar (CZK-R),15.81,116.58
Shayan Jahangir (USA),28.11,140.55
R Abdulkareem (NGA),13.26,88.73
P Murungi (UGA),14,118.3
K Nestor (GIBR),11.4,92.96
R Escobar (Arg),22.72,86.5
K Hinds (Bhm),14.7,109.64
DP Michael (Samoa),31.25,114.15
DT Johnston (IRE),20.75,135.32
RV Uthappa (IND),24.9,118
GD Arta (INA),15.5,75.15
DK Anefie (GHA),10.69,108.37
Asif Ali (BHR),20.33,105.17
AJ Hosein (WI),15.25,107.96
CJ Delany (GIBR),24.3,108.48
AR Naidoo (CAY),24.3,86.47
Shafiq Sharif (MAS),20.25,127.89
MRJ Watt (SCOT),11.57,116.26
Muhammad Umar (KUW),24.2,128.04
Sulaiman Ali (BUL),13.44,115.78
GSNFG Jayasuriya (SL),15.06,108.55
UT Khawaja (AUS),26.77,132.41
JN Malan (SA),21.9,129.56
T Whiteman (LUX),34.42,117.56
SW Poynter (IRE),16,112.67
Ali Saleem (NOR),15.93,113.27
VE Tembo (MOZ),13.27,94.46
Abrar Bilal (Aut),21.63,114.42
Ashfaq Ahmed (UAE),19.83,128.64
WJ Cope (LUX),10.34,101.7
PF Gallagher (FIN),12.52,125.26
Hamid Mahmood (SWE),39.66,106.72
N Khanna (MLT),14,124.6
J Mubarak (SL),21.63,126.59
K Dasan (BUL),29.62,106.75
Khalid Latif (PAK),21.54,103.49
HJ Manenti (ITA),19.75,120.3
MB Kruger (NAM),15.73,98.74
RE Levi (SA),21.45,141.31
YK Pathan (IND),18.15,146.58
C Roberts (Fran),29.5,105.82
Harmeet Singh (USA),18.07,148.73
CN Onwuzulike (NGA),13.82,99.57
T Suri (UAE),21.36,107.79
G Manan (ROM),16.71,156
HV Mandhyan (HUN),11.7,92.85
V Ravindran (HUN),29.25,134.48
AT Carey (AUS),11.09,108.37
Karanbir Singh (Aut),33.28,140.36
Sajid Cheema (KSA),19.41,109.9
ES Szwarczynski (NED),21.18,95.88
VD Adewoye (NGA),11.04,117.76
P Aho (NGA),12.88,111.53
Usman Khan (PAK),15.46,122.75
V Zimonjic (SRB),15.46,108.41
WP Masakadza (ZIM),9.24,93.9
JF Mooney (IRE),16.5,107.94
Ali Nayyer (SUI),28.87,137.5
E Solomon (ISR),33,107.94
DC Stovell (BER),21,105
AR Cusack (IRE),15.26,129.37
Paing Danu (MYAN),12.72,82.37
Aftab Ahmed (BAN),22.8,128.08
F Akankwasa (UGA),14.25,118.75
Amar Sharma (MLT),14.25,91.56
T Mishra (KENYA),15.13,86.31
G Venkateswaran (LUX),15.13,98.69
C Bisson (JER),18.83,127.68
R Sakurano-Thomas (JPN),11.89,91.86
DJ Willey (ENG),15.06,130.63
DAS Gunaratne (SL),25,126.4
Inam-ul-Haq (QAT),25,109.75
ED Silva (KUW),25,202.7
MN van Wyk (SA),37.5,143.31
CAK Walton (WI),13.23,110.83
M Yunusu Issa (TAN),13.23,120.32
DS Bajwa (CAN),20.36,110.89
MA Jones (SCOT),22.4,136.58
A Kirschbaum (Arg),12.44,86.48
Rony Talukdar (BAN),22.4,135.75
G Thakur (MLT),22.4,121.08
A Halbhavi (LUX),13.93,107.72
PD Hennessy (ESP),22.3,113.19
KTK Rodrigo (MDV),18.58,91.02
A Osei (GHA),15.85,82.22
Waseem Yaqoob (LES),15.85,88.44
IKEG Artawan (INA),10.52,88.04
Choudry Share Ali (SWE),31.57,150.34
Idrees Ul Haque (SUI),24.55,126.28
Sazib Bhuiyan (CZK-R),15.78,134.75
Bilal Muhammad (MLT),14.66,142.85
ML Castillo (Blz),19.9,99.09
Jitin Singh (TAN),14.6,109.5
Khalid Ahmadi (Belg),18.25,162.22
A Parima (COK),24.33,125.14
AD Poynter (IRE),19.9,119.02
Tanwir Afzal (HKG),13.68,126.58
SSJ Brooks (WI),19.81,102.83
M Kasselman (BOT),16.76,114.13
D Gumyusenge (RWN),16.69,95.17
Ibrahim Hassan (MDV),8.03,75.87
TT Bresnan (ENG),16.61,127.05
DO Obuya (KENYA),27,94.73
MJG Rippon (NED/NZ),30.85,112.5
G Chaturvedi (MLT),12.64,106.43
KMDN Kulasekara (SL),10.23,116.84
EMDY Munaweera (SL),17.91,131.09
Noman Amjad (Fran),13.43,103.86
S Prasanna (SL),15.28,132.91
AK Sah (NEP),19.45,121.59
HER Tyler (PHI),11.26,113.82
RG Aga (KENYA),13.31,108.67
EF Beard (IOM),15.21,107.03
SP Gomes (PORT),42.6,123.12
Muslim Yar (GER),17.75,127.54
Thuya Aung (MYAN),12.52,53.65
Gurpratap Singh (CYP),19.27,142.28
Saad Khan (KSA),14.13,98.14
Ali Farasat (HUN),14.06,124.85
Anwar Arudin (MAS),10.04,101.93
JA Burns (ITA),70.33,144.52
Haris Sohail (PAK),19.09,102.94
CA Ingram (SA),26.25,129.62
Ghulam Shabber (UAE),18.9,114.28
Imal Zuwak (SWE),14.85,99.04
Abdul Shakoor (ROM),18.81,94.52
Imran Asif (Aut),23,135.29
Ijaz Hussain (ROM),12.17,95.39
BMAJ Mendis (SL),18.81,118.96
H Rathod (QAT),29.57,112.5
Haseeb Ghafoor (KSA),34.33,103
Mohammad Saifuddin (BAN),18.72,114.44
Nasrulla Rana (HKG),12.11,118.39
RM Siri (Arg),25.75,101.47
P Heron (CAY),22.77,100.98
DL Vettori (NZ),12.81,107.89
U Aryaman Sunil (SGP),11.27,125.3
S Ashwathnarayana (HUN),25.37,125.3
JM Kemp (SA),50.75,126.87
DS Smith (WI),33.83,126.08
R Gunasekera (CAN),25.25,107.44
A Otwani (UGA),12.62,102.02
Abdul Wahid (KSA),22.33,132.23
J Botha (SA),18.27,121.81
Ismail Ali (MDV),12.56,105.23
Kamran Ahmadzai (Fran),28.71,179.46
I Niyomugabo (RWN),25,113.63
S Pokhriyal (CZK-R),25,107.52
W Boshoff (SWE),11.7,81.89
R Gaznavi (SGP),9.95,80.24
M Beitaki (Fiji),14.14,110.61
SG Mangela (UGA),21.88,117.26
LF Muller (BRA),24.62,115.2
TK Musakanda (ZIM),16.41,120.12
A Yon (STHEL),21.88,115.88
Mukhtar Ghulami (Fran),16.33,102.61
Sohail Tanvir (PAK),11.52,119.51
F Achelam (UGA),10.83,97.98
LM Gabriel (LES),13,80.91
Pyae Phyo Wai (MYAN),10.83,65.43
Y Saranonnakkun (THA),8.12,83.33
Fawad Alam (PAK),17.63,114.79
K Mendon (CZK-R),32.33,106.01
NK Tiwari (CYP),14.92,88.99
OF Smith (WI),14.84,139.85
Taskin Ahmed (BAN),10.15,94.6
J Alegra (PHI),14.76,77.1
Asad Shafiq (PAK),19.2,103.78
Mukhtar Ahmed (PAK),32,143.28
Shakeel Ahmed (OMA),14.76,100.52
Manpreet Singh (ITA),17.36,90.95
C Forbes (SWA/SWZ),13.57,86.75
GK Ghalley (BHU),11.87,82.25
C Wright (CAY),17.27,111.76
Naeem Gull (SWA/SWZ),15.75,86.3
SR Patel (ENG),15.75,109.24
Rizwan Butt (BHR),10.5,127.7
Umar Nawaz (SWE),21,100.53
Wahidullah Sahak (NOR),17.18,111.83
IR Bell (ENG),26.85,115.33
IS Sodhi (NZ),7.23,102.17
Ammad Uddin (BHR),23.37,171.55
CJ Bowes (NZ),17,119.87
CD McMillan (NZ),31.16,159.82
J Miyagi (UGA),11.68,100.53
SP Patil (UAE),14.38,85.77
KMA Paul (WI),20.77,112.65
GR Russ (PHI),14.38,75.4
GG Banner (Blz),12.4,100.54
Luka Woods (SRB),23.25,116.98
AA Jasani (TAN),37,121.71
Mohammad Yasin (ESP),15.41,113.49
LA Musiani (Arg),13.21,90.24
R Ashwin (IND),26.28,115
LC Le Tissier (GUE),11.5,114.28
BJ Hodge (AUS),26.14,127.08
Aslam Mohammad (GRC),16.54,110.3
S Crowie (STHEL),26,79.82
L Hermida (Mex),14,70
Shaheen Shah Afridi (PAK),12.13,127.27
Delawar Khan (DEN),12.92,123.97
AUKDS Kalugala (CYP),18.1,114.55
F Nsubuga (UGA),10.64,104.62
OD Hald (DEN),12.85,115.38
Raja Shoaib (SKOR),25.71,86.53
CAJ Meschede (GER),44.75,155.65
Mudassar Muhammad (GER),17.9,94.7
SM Sharif (SCOT),13.76,111.18
N Acawei (Fiji),19.77,107.22
Anoop Orsu (LUX),13.69,117.1
S Desungnoen (THA),10.47,71.48
Nazimuddin (BAN),25.42,112.65
H Rashid (SWZ),13.69,88.11
PR Santhanakrishnan (Mex),11.12,82.4
Sidhant Singh (SGP),25.42,131.85
Waqar Ul Hassan (KSA),25.42,117.88
L Emilio (MOZ),12.57,93.12
Gurdeep Singh (KENYA),17.6,96.17
Kaleem Shah (MOZ),29.33,103.52
Mohammad Naveed (UAE),12.57,119.72
Nouman Sarwar (QAT),58.66,132.33
Tarun Sharma (Mex),22,101.73
Khalid Zahid (SWE),13.46,140
Faheem Nellancheri (FIN),15.9,141.12
Namgay Thinley (BHU),7.6,63.63
P Suanchuai (THA),12.5,64.1
TB Robinson (NZ),19.44,132.57
LPC Silva (SL),13.46,98.87
GM Ntambalika (MWI),12.42,102.95
WD Parnell (SA),17.4,96.66
JT Smuts (SA),13.38,105.45
A Sokovagone (Fiji),29,134.88
S Tosic (SRB),17.4,58.98
L Vincent (NZ),19.33,100
JG Bethell (ENG),57.66,167.96
Maidul Islam (EST),14.41,96.64
Muhammed Manga (GMB),17.3,80.09
F Suluoto (Samoa),21.62,120.97
CD Wallace (SCOT),17.3,107.45
JD Allan (VAN),11.46,88.65
A Kainessie (SLE),14.33,97.17
Milind Kumar (USA),24.57,96.08
IK Pathan (IND),24.57,119.44
GD Elliott (NZ/World),15.54,108.91
S Godara (CAM),28.5,148.69
N Nuntarach (THA),8.14,68.95
Yves Cyusa (RWN),17.1,118.75
MNR Cooray (MDV),34,114.86
S Hirugade (Mex),8.94,90.42
Zain Ahmad (Fran),11.33,107.59
Festus Benn (Bhm),15.36,78.24
Muhammad Amin (SWA/SWZ),14.08,112.66
M Vijay (IND),18.77,109.74
H Niaz (Fran),16.8,143.58
T van der Gugten (NED),16.8,135.48
Omid Mailk Khel (Belg),20.87,103.08
O Bascome (BER),11.85,100
M Jansen (SA),18.44,149.54
HJ Jordaan (THA),23.71,79.04
